Name,Id,Followers,following,friends,avatar
some one,5dc6f28701,60,5,5,https://lh3.googleusercontent.com/a/ALm5wu1Yd2AMrcO63zH54RE2r1bi1Hx3oEJJfFrfr0vbfA
AG,6041884228,20,6,6,https://lh3.googleusercontent.com/a/ALm5wu3uPpYyp-rvJbG6k_PumQuc_zCdDtQP9yXVz86s_x4
Alisa.,ae5af10380,288,44,44,https://lh3.googleusercontent.com/a/ALm5wu3iHYqLA2Ttq376DK-qlXkBDg3T2lYKpBcn4qxk89U
Dream,17bf920630,77,49,43,https://lh3.googleusercontent.com/a/ALm5wu1KFqcNwlXxt5XpHUlAIZJAN4JT_ks6YQSAz-iI3A
R Evergarden,2079e29939,56,41,35,https://lh3.googleusercontent.com/a-/AFdZucropEKpYxbgKb94lTHT0Omdk8EJZ9Qx68kMTEpc2A
Dilnoza Haitova,cb1da07003,0,0,0,https://lh3.googleusercontent.com/a/ALm5wu3BCUkK3ZNjzMHFpG6hxuClUC5xs4YfpusYbN6v
MOHD SIRAJ,069cd78025,3,0,0,https://lh3.googleusercontent.com/a/ALm5wu1QfMNzL0AnvPe8JUlKamZEJTrQMnF6U-KjDaL2dg
Nataly Tomas,b25b413474,0,2,0,https://lh3.googleusercontent.com/a/ALm5wu1VWVjmEtdzDoOSkbZ0niJrYfJ-TX-mcS-RbdSsTmU
Manal,79ef908930,111,40,40,https://lh3.googleusercontent.com/a-/AOh14GgKGp0tSk-B1kVGtuab8Gr5xDvGLJ9MNW9rjkkinw
maricarmen Montenegro,a585068163,0,0,0,https://lh3.googleusercontent.com/a/ALm5wu1HttHq2e88rOm0B_3UyNjhgREgcjOQeM3kl9UZEw
Káírá,1a3ac97154,147,2,2,https://lh3.googleusercontent.com/a/ALm5wu2WGwgS7TLqFZT1bYXQWR8kk7LkEpkVEtPN2SZ6fw
Mark Dod,503d299880,14,19,10,https://lh3.googleusercontent.com/a/ALm5wu0yHMAoSOamz2CS8IXgSsbosxinXv_LvLJgyvLs
Anamika Baruah,10d3149865,200,85,85,https://lh3.googleusercontent.com/a/ALm5wu2FH5k9sHAINa9uSP2fmLfiEkPQxdJpMjV6aXy5sQ
Parth A,6783e01724,2,3,2,https://lh3.googleusercontent.com/a/ALm5wu2Cbv9kfBEqWtLRKUhy0U5xj4XFKziN-j2EWH2k
abi habibi albanna,4cd1893954,14,5,4,https://lh3.googleusercontent.com/a/ALm5wu20J0j9r1CLGxIkZq19Ghn-ty-chrC6mHZU8rXFUA
Sajjad Hossen,e548952209,0,8,0,https://lh3.googleusercontent.com/a/ALm5wu1vvOWl9RozL0W4tvu6h82j45XaicoyXCoWNv4eQw
Erandi Rajasundara,098b087419,0,0,0,https://lh3.googleusercontent.com/a/ALm5wu1p74h3Osq1UgtjKAxa6-O64H_4izYdPDzJMu-y
Tech Studio,f965759962,0,49,0,https://lh3.googleusercontent.com/a/ALm5wu34Yy9XZ6SeIanXKMnRQTSiJlugFXS8prW8kOW5
chu,0c0db59244,112,58,7,https://lh3.googleusercontent.com/a/ALm5wu11nLxVP1SgEXKYm3dILHaSwtZ3XauHuE-TA8RW-g
Be Positive,46d9d00651,47,27,27,https://lh3.googleusercontent.com/a/ALm5wu3GTIVZal7KConVrONTrrS8nFxdH_z3kDe6Hy3j
Sharif Ansari,0c4da36771,2,5,1,https://lh3.googleusercontent.com/a/ALm5wu2B6XYT-J7L3kVeQN0l-N8zdTiLTOKLqKabha3i
Fatih Böke,9150490688,5,6,1,https://lh3.googleusercontent.com/a/ALm5wu0eGG2R_x9d4voyNUrQ8Yi0nWXHNyqxn9DQLKcBhw
Mr Battery,5461807599,1,4,1,https://lh3.googleusercontent.com/a/ALm5wu1dLezx9eiChU_NNePbXReIIfH15YWSeZ9qI_6p
Pankaj,2f24a04462,43,31,26,https://lh3.googleusercontent.com/a-/ACNPEu8KcwKDkR9b9lI1CYNLfPQhlNoqkv86abYXWwVtdw
Deepak mehta,04f0951240,97,72,72,https://lh3.googleusercontent.com/a-/AFdZucpRC0tDf0I-3HK52tsghn1jjTSl2NfLKN8lFnyo1w
Bangcan,4332068141,15,17,15,https://lh3.googleusercontent.com/a/ALm5wu2yEdg1bHBBSK-ZjkOHYilWB2ZFUZUE0yJmfhqxWA
Bảo Ngọc,3884a31041,87,19,19,https://lh3.googleusercontent.com/a-/AFdZuco7pU-Xd-8TAIdbNKuFC7h4jm_rvqPOl2GD31B-UQ
Mi Casa,7278b43954,37,30,22,https://lh3.googleusercontent.com/a/ALm5wu0KtzzFJnM2T36k9W-CLBLDAvIPG0qjS4nbE_9m0A
Please Fal,7fdea12407,6,78,5,https://lh3.googleusercontent.com/a/ALm5wu160xA8CwBHls5GKXLakwsffjn3LVNIwvOkMbBa
Lyra ly.,42fd440199,12,8,8,https://lh3.googleusercontent.com/a/ALm5wu3pawu0duuIgWn3wrQqR5TXwr4mTOQbYOnsA2mh
